DROP DATABASE IF EXISTS pandalearn;
CREATE DATABASE pandalearn;
USE pandalearn;

CREATE TABLE `registered_users` (
   id INT AUTO_INCREMENT,
   username VARCHAR(255) NOT NULL,
   password_hash VARCHAR(255) NOT NULL,
   lesson INT NOT NULL,
   PRIMARY KEY (id),
   CONSTRAINT unique_username UNIQUE (username)
);

CREATE TABLE `lessons` (
   id INT NOT NULL,
   name VARCHAR(255) NOT NULL,
   PRIMARY KEY (id)
);

CREATE TABLE `exams` (
   id INT NOT NULL,
   title VARCHAR(255) NOT NULL,
   PRIMARY KEY (id)
);

CREATE TABLE `vocabulary` (
   id INT NOT NULL,
   lesson_id INT NOT NULL,
   word VARCHAR(255) NOT NULL,
   pinyin VARCHAR(255) NOT NULL,
   translation VARCHAR(255) NOT NULL
);

CREATE TABLE `exercises` (
   id INT NOT NULL,
   id_lesson INT NOT NULL,
   id_exam INT NOT NULL,
   question VARCHAR(255) NOT NULL,
   correct_answer VARCHAR(255) NOT NULL,
   incorrect_answer_1 VARCHAR(255) NOT NULL,
   incorrect_answer_2 VARCHAR(255) NOT NULL,
   PRIMARY KEY (id),
   FOREIGN KEY (id_lesson) REFERENCES `lessons`(id)
);

INSERT INTO lessons (id, name)
VALUES (0, "Lección 1"),
       (1, "Lección 2"),
       (2, "Lección 3"),
       (3, "Lección 4"),
       (4, "Lección 5"),
       (5, "Lección 6"),
       (6, "Lección 7"),
       (7, "Lección 8"),
       (8, "Lección 9"),
       (9, "Lección 10");

INSERT INTO exams (id, title)
VALUES (0, "Exámen 1"),
       (1, "Exámen 2"),
       (2, "Exámen 3");

INSERT INTO exercises (id, id_lesson, id_exam, question, correct_answer, incorrect_answer_1, incorrect_answer_2)
-- 1
VALUES (0, 0, 1, "¿Qué significa 爱?", "Amor", "Perro", "Gato"),
       (1, 0, 2, "¿Cómo se dice padre?", "爸爸", "妈妈", "八"),
       (2, 0, 0, "¿Qué significa 杯子?", "Vaso", "Jarra", "Botella"),
       (3, 0, 0, "¿Cómo se dice de nada?", "不客气", "谢谢", "没关系"),
       (4, 0, 1, "¿Qué significa 不?", "No", "Si", "vale"),
       (5, 0, 2, "¿Cómo se dice comida?", "菜", "茶", "吃"),
       (6, 0, 0, "¿Qué significa 吃?", "Comer", "Beber", "Salir"),
       (7, 0, -1, "¿Cómo se dice taxi?", "出租车", "车", "大车"),
       (8, 0, 1, "¿Qué significa 打电话?", "Llamar", "llorar", "llover"),
       (9, 0, 2, "¿Cómo se dice grande?", "大", "小", "的"),
       -- 1
       (10, 1, 0, "¿Qué significa 点?", "Hora", "Ahora", "Luego"),
       (11, 1, 2, "¿Cómo se dice ordenador?", "电脑", "电视", "电影"),
       (12, 1, 0, "¿Qué significa 都?", "Todo", "Nada", "Total"),
       (13, 1, 0, "¿Cómo se dice leer?", "读", "卖", "话"),
       (14, 1, 1, "¿Qué significa 对不起?", "Lo siento", "Gracias", "Chao"),
       (15, 1, 2, "¿Cómo se dice mucho?", "多", "少", "哆"),
       (16, 1, 1, "¿Qué significa 多少?", "Cuánto", "Cuando", "Que"),
       (17, 1, -1, "¿Cómo se dice hijo?", "儿子", "几子", "女子"),
       (18, 1, 1, "¿Qué significa 二?", "Dos", "Uno", "Tercero"),
       (19, 1, 2, "¿Cómo se dice restaurante?", "饭店", "饭菜", "商店"),
       -- 2
       (20, 2, 0, "¿Qué significa 工作?", "Trabajo", "Descanso", "Ensayo"),
       (21, 2, 2, "¿Cómo se dice de perro?", "狗", "猫", "兔"),
       (22, 2, 0, "¿Qué significa 汉语?", "Chino", "China", "Coreano"),
       (23, 2, 1, "¿Cómo se dice beber?", "喝", "吃", "喝水"),
       (24, 2, 2, "¿Qué significa 和?", "Y", "O", "Luego"),
       (25, 2, -1, "¿Cómo se dice muy?", "很", "恨", "跟"),
       (26, 2, 1, "¿Qué significa 后面?", "Detras", "Delante", "Derecho"),
       (27, 2, 1, "¿Cómo se dice volver?", "回", "还", "茴"),
       (28, 2, 0, "¿Qué significa 会?", "Saber", "Poder", "Querer"),
       (29, 2, 2, "¿Qué significa 家?", "Familia", "Familiar", "Mas"),
       -- 3
       (30, 3, -1, "¿Qué significa 九?", "Nueve", "Nuevo", "Nueva"),
       (31, 3, 0, "¿Cómo se dice abrir?", "开", "关", "关门"),
       (32, 3, 1, "¿Qué significa 看见?", "Ver", "Leer", "Mirar"),
       (33, 3, 0, "¿Cómo se dice venir?", "来", "去", "回"),
       (34, 3, 0, "¿Qué significa 老师?", "Profesor", "Maestro", "Escuela"),
       (35, 3, 2, "¿Cómo se dice frío?", "冷", "令", "热"),
       (36, 3, 1, "¿Qué significa 零?", "Cero", "Dentro", "Seis"),
       (37, 3, 2, "¿Cómo se dice seis?", "六", "七", "八"),
       (38, 3, 2, "¿Qué significa 里?", "Dentro", "Fuera", "Detras"),
       (39, 3, 1, "¿Cómo se dice madre?", "妈妈", "爸爸", "马马"),
       -- 3
       (40, 4, 2, "¿Qué significa 买?", "Comprar", "Compra", "vender"),
       (41, 4, 1, "¿Cómo se dice gato?", "猫", "苗", "狗"),
       (42, 4, 1, "¿Qué significa 没关系?", "No pasa nada", "Gracias", "De nada"),
       (43, 4, 0, "¿Cómo se dice arroz?", "米饭", "米汤", "米店"),
       (44, 4, 2, "¿Qué significa 明天?", "Mañana", "Ayer", "Hoy"),
       (45, 4, -1, "¿Cómo se dice nombre?", "名字", "写字", "名片"),
       (46, 4, 0, "¿Qué significa 哪儿?", "Dónde", "Allí", "Esa"),
       (47, 4, 2, "¿Cómo se dice poder?", "能", "会", "可以"),
       (48, 4, 1, "¿Qué significa 你?", "Tú", "Vosotros", "Usted"),
       (49, 4, 0, "¿Cómo se dice hija?", "女儿", "女孩", "儿子"),
       -- 5
       (50, 5, 2, "¿Qué significa 苹果?", "Manzana", "Pera", "Naranja"),
       (51, 5, 2, "¿Cómo se dice amigo?", "朋友", "好友", "损友"),
       (52, 5, 1, "¿Qué significa 钱?", "Dinero", "Moneda", "Cartera"),
       (53, 5, 0, "¿Cómo se dice delante?", "前面", "后面", "里"),
       (54, 5, 1, "¿Qué significa 请?", "Por favor", "Perdona", "Perdón"),
       (55, 5, 0, "¿Cómo se dice ir?", "去", "来", "回"),
       (56, 5, -1, "¿Qué significa 人?", "Persona", "Clasificador", "Grande"),
       (57, 5, 1, "¿Cómo se dice conocer?", "认识", "见面", "熟悉"),
       (58, 5, 0, "¿Qué significa 商店?", "Tienda", "Restaurante", "Supermercado"),
       (59, 5, 2, "¿Cómo se dice arriba?", "上", "下", "左"),
       -- 6
       (60, 6, 0, "¿Qué significa 上午?", "Mañana", "Tarde", "Noche"),
       (61, 6, 0, "¿Cómo se dice menos?", "少", "多", "大"),
       (62, 6, 1, "¿Qué significa 谁?", "Quién", "Que", "Cuando"),
       (63, 6, 0, "¿Cómo se dice Qué?", "什么", "谁", "时候"),
       (64, 6, 2, "¿Qué significa 时候?", "Cuando", "Que", "Quién"),
       (65, 6, 1, "¿Cómo se dice Fruta?", "水果", "蔬菜店", "水果店"),
       (66, 6, -1, "¿Qué significa 睡觉?", "Dormirse", "Levantarse", "Acostarse"),
       (67, 6, 2, "¿Cómo se dice hablar?", "说话", "谈话", "大话"),
       (68, 6, 1, "¿Qué significa 四?", "Cuatro", "Cuarto", "cuarenta"),
       (69, 6, 2, "¿Cómo se dice edad?", "岁", "年", "年岁"),
       -- 7
       (70, 7, 2, "¿Qué significa 他?", "Él", "Ella", "El"),
       (71, 7, 0, "¿Cómo se dice ellos?", "他们", "她们", "它们"),
       (72, 7, 2, "¿Qué significa 太?", "Demasiado", "Mucho", "Muy"),
       (73, 7, 1, "¿Cómo se dice tiempo?", "天气", "天上", "大气"),
       (74, 7, 0, "¿Qué significa 听?", "Escucha", "Oido", "Mira"),
       (75, 7, 1, "¿Cómo se dice compañero?", "同学", "陪伴", "学生"),
       (76, 7, -1, "¿Qué significa 我们?", "Nosotros", "Yo", "Vosotros"),
       (77, 7, 0, "¿Cómo se dice gustar?", "喜欢", "爱", "喜爱"),
       (78, 7, 2, "¿Qué significa 下?", "Abajo", "Arriba", "Al lado"),
       (79, 7, 1, "¿Cómo se dice llover?", "下雨", "下雪", "下冰雹"),
       -- 8
       (80, 8, -1, "¿Qué significa 先生?", "Señor", "Señora", "Señorita"),
       (81, 8, 1, "¿Cómo se dice Ahora?", "现在", "以前", "之前"),
       (82, 8, 0, "¿Qué significa 想?", "Pensar", "pensamiento", "Creer"),
       (83, 8, 2, "¿Cómo se dice pequeño?", "小", "大", "大小"),
       (84, 8, 1, "¿Qué significa 小姐?", "señorita", "señor", "señora"),
       (85, 8, 0, "¿Cómo se dice escribir?", "写", "读", "读写"),
       (86, 8, 2, "¿Qué significa 谢谢?", "Gracias", "De nada", "Gracia"),
       (87, 8, 1, "¿Cómo se dice semana?", "星期", "星球", "星星"),
       (88, 8, 2, "¿Qué significa 学习?", "Estudiar", "Aprender", "Estudio"),
       (89, 8, 0, "¿Cómo se dice ropa?", "衣服", "衣帽", "衣柜"),
       -- 9
       (90, 9, 2, "¿Qué significa 医生?", "Medico", "Medicina", "Medicamento"),
       (91, 9, 2, "¿Cómo se dice hospital?", "医院", "医书", "医术"),
       (92, 9, 1, "¿Qué significa 椅子?", "Silla", "Mesa", "Mesilla"),
       (93, 9, 0, "¿Cómo se dice Adios?", "再见", "不见", "再会"),
       (94, 9, 0, "¿Qué significa 这?", "este", "esta", "estan"),
       (95, 9, 1, "¿Cómo se dice mediodía?", "中午", "下午", "上午"),
       (96, 9, 0, "¿Qué significa 桌子?", "Mesa", "Silla", "Mesilla"),
       (97, 9, 2, "¿Cómo se dice ayer?", "昨天", "今天", "明天"),
       (98, 9, 1, "¿Qué significa 坐?", "Sentarse", "Levantarse", "Hacer"),
       (99, 9, -1, "¿Cómo se dice hacer?", "做", "作", "作业");

INSERT INTO vocabulary (id, lesson_id, word, pinyin, translation)
VALUES (0, 0, "爱", "ài", "Amor"),
       (1, 0, "八", "bā", "Ocho"),
       (2, 0, "爸爸", "bà ba", "Padre"),
       (3, 0, "杯子", "bēi zi", "Vaso"),
       (4, 0, "北京", "běi jīng", "Pekín"),
       (5, 0, "本", "běn", "Clasificador"),
       (6, 0, "不客气", "bú kè qì", "De nada"),
       (7, 0, "不", "bù", "No"),
       (8, 0, "菜", "cài", "Comida"),
       (9, 0, "茶", "chá", "Té"),
       (10, 0, "吃", "chī", "Comer"),
       (11, 0, "出租车", "chū zū chē", "Taxi"),
       (12, 0, "打电话", "dǎ diàn huà", "Llamar"),
       (13, 0, "大", "dà", "Grande"),
       (14, 1, "的", "de", "Partícula"),
       (15, 1, "点", "diǎn", "Hora"),
       (16, 1, "电脑", "diàn nǎo", "Ordenador"),
       (17, 1, "电视", "diàn shì", "Televisión"),
       (18, 1, "电影", "diàn yǐng", "Pelicula"),
       (19, 1, "东西", "dōng xī", "Cosa"),
       (20, 1, "对不起", "duì bú qǐ", "Lo siento"),
       (21, 1, "读", "dú", "Leer"),
       (22, 1, "多", "duō", "Mucho"),
       (23, 1, "多少", "duō shǎo", "Cuánto"),
       (24, 1, "儿子", "ér zi", "Hijo"),
       (25, 1, "二", "èr", "Dos"),
       (26, 1, "饭店", "fàn diàn", "Restaurante"),
       (27, 1, "飞机", "飞机", "Avión"),
       (28, 1, "高兴", "gāo xìng", "Contento"),
       (29, 1, "个", "gè", "Clasificador"),
       (30, 2, "工作", "gōng zuò", "Trabajo"),
       (31, 2, "狗", "gǒu", "Perro"),
       (32, 2, "汉语", "hàn yǔ", "Chino"),
       (33, 2, "好", "hǎo", "Bueno"),
       (34, 2, "喝", "hē", "Beber"),
       (35, 2, "和", "hé", "Y"),
       (36, 2, "很", "hěn", "Muy"),
       (37, 2, "后面", "hòu miàn", "Detrás"),
       (38, 2, "回", "huí", "Volver"),
       (39, 2, "会", "huì", "Saber"),
       (40, 2, "几", "jǐ", "Cuánto"),
       (41, 2, "家", "jiā", "Casa, familia"),
       (42, 2, "叫", "jiào", "Llamarse"),
       (43, 2, "今天", "jīn tiān", "Hoy"),
       (44, 3, "九", "jiǔ", "Nueve"),
       (45, 3, "开", "kāi", "Abrir"),
       (46, 3, "看", "kàn", "Mirar, leer"),
       (47, 3, "看见", "kàn jiàn", "Ver"),
       (48, 3, "块", "kuài", "Yuan"),
       (49, 3, "来", "lái", "Venir"),
       (50, 3, "老师", "lǎo shī", "Profesor"),
       (51, 3, "了", "le", "Partícula"),
       (52, 3, "冷", "lěng", "Frío"),
       (53, 3, "里", "lǐ", "Dentro"),
       (54, 3, "零", "líng", "Cero"),
       (55, 3, "六", "liù", "Seis"),
       (56, 3, "吗", "ma", "Partícula"),
       (57, 3, "妈妈", "mā ma", "Madre"),
       (58, 4, "买", "mǎi", "Comprar"),
       (59, 4, "猫", "māo", "Gato"),
       (60, 4, "没", "méi", "No"),
       (61, 4, "没关系", "méi guān xì", "No pasa nada"),
       (62, 4, "米饭", "mǐ fàn", "Arroz"),
       (63, 4, "明天", "míng tiān", "Mañana"),
       (64, 4, "名字", "míng zì", "Nombre"),
       (65, 4, "哪儿", "nǎ ér", "Dónde"),
       (66, 4, "那", "nà", "Ese/esa"),
       (67, 4, "能", "néng", "Poder"),
       (68, 4, "呢", "ne", "Partícula"),
       (69, 4, "你", "nǐ", "Tú"),
       (70, 4, "你们", "nǐ men", "Vosotros"),
       (71, 4, "女儿", "nǚ ér", "Hija"),
       (72, 5, "苹果", "píng guǒ", "Manzana"),
       (73, 5, "朋友", "péng yǒu", "Amigo"),
       (74, 5, "七", "qī", "Siete"),
       (75, 5, "钱", "qián", "Dinero"),
       (76, 5, "前面", "qián miàn", "Delante"),
       (77, 5, "请", "qǐng", "Por favor"),
       (78, 5, "去", "qù", "Ir"),
       (79, 5, "热", "rè", "Calor"),
       (80, 5, "人", "rén", "Persona"),
       (81, 5, "认识", "rèn shí", "Conocer"),
       (82, 5, "日", "rì", "Sol"),
       (83, 5, "三", "sān", "Tres"),
       (84, 5, "商店", "shāng diàn", "Tienda"),
       (85, 5, "上", "shàng", "Arriba"),
       (86, 6, "上午", "shàng wǔ", "Por la mañana"),
       (87, 6, "少", "shǎo", "Menos"),
       (88, 6, "谁", "Shuí, shéi", "Quién"),
       (89, 6, "什么", "Shén me", "Qué"),
       (90, 6, "时候", "shí hòu", "Cuando"),
       (91, 6, "十", "rén", "Diez"),
       (92, 6, "是", "shì", "Ser"),
       (93, 6, "书", "shū", "Libro"),
       (94, 6, "水", "shuǐ", "Agua"),
       (95, 6, "水果", "shuǐ guǒ", "Fruta"),
       (96, 6, "睡觉", "shuì jiào", "Dormirse"),
       (97, 6, "说话", "shuō huà", "Hablar"),
       (98, 6, "四", "sì", "Cuatro"),
       (99, 6, "岁", "suì", "Año, edad"),
       (100, 7, "他", "tā", "Él"),
       (101, 7, "她", "tā", "Ella"),
       (102, 7, "他们", "tā men", "Ellos"),
       (103, 7, "她们", "tā men", "Elllas"),
       (104, 7, "太", "tài", "Demasiado"),
       (105, 7, "天气", "tiān qì", "Tiempo"),
       (106, 7, "听", "tīng", "Escucha"),
       (107, 7, "同学", "tóng xué", "Compañero"),
       (108, 7, "我", "wǒ", "Yo"),
       (109, 7, "我们", "wǒ men", "Nosotros"),
       (110, 7, "喜欢", "xǐ huān", "Gustar"),
       (111, 7, "下", "xià", "Abajo"),
       (112, 7, "下午", "xià wǔ", "Por la tarde"),
       (113, 7, "下雨", "xià yǔ", "Llover"),
       (114, 8, "先生", "xiān shēng", "Señor"),
       (115, 8, "现在", "现在", "Ahora"),
       (116, 8, "想", "xiǎng", "Pensar"),
       (117, 8, "小", "xiǎo", "Pequeño"),
       (118, 8, "小姐", "xiǎo jiě", "Señorita"),
       (119, 8, "些", "xiē", "Clasificador"),
       (120, 8, "写", "xiě", "Escribir"),
       (121, 8, "谢谢", "xiè xie", "Gracias"),
       (122, 8, "星期", "xīng qī", "Semana"),
       (123, 8, "学校", "xué xiào", "Escuela"),
       (124, 8, "学习", "xué xí", "Estudiar"),
       (125, 8, "学生", "xué shēng", "Estudiante"),
       (126, 8, "一", "yī", "Uno"),
       (127, 8, "衣服", "yī fú", "Ropa"),
       (128, 9, "医生", "yī shēng", "Medico"),
       (129, 9, "医院", "yī yuàn", "Hospital"),
       (130, 9, "椅子", "yǐ zi", "Silla"),
       (131, 9, "月", "yuè", "Mes"),
       (132, 9, "在", "zài", "Estar"),
       (133, 9, "再见", "zài jiàn", "Adios"),
       (134, 9, "怎么", "zěn me", "Cómo"),
       (135, 9, "怎么样", "zěn me yàng", "Qué tal"),
       (136, 9, "这", "zhè", "Este"),
       (137, 9, "中国", "zhōng guó", "China"),
       (138, 9, "中午", "zhōng wǔ", "Mediodía"),
       (139, 9, "昨天", "zuó tiān", "Ayer"),
       (140, 9, "坐", "zuò", "Sentarse"),
       (141, 9, "做", "zuò", "Hacer");
